{"EntST1_MP5": {"clr_bin": [532.0, 542.0], "cld_bin": [522.0, 532.0], "Dphi": {"se_t2": 94.17921824393852, "qt": -0.3471820253080242, "qv": -0.2673607132867133, "w": -0.10527254312354312, "se_t3": -592.208305944052, "co2": -0.009594650349650347, "u": -0.8505860211236489, "se_t1": 2856.4788763088873, "theta": 2.9857821590908884, "v": -1.6064915275860772, "se": 2358.449788608763, "ql": -0.07982131202131203}}, "EntST1_5MP": {"clr_bin": [520.0, 530.0], "cld_bin": [510.0, 520.0], "Dphi": {"se_t2": 96.64320752303593, "qt": -0.30494654931898246, "qv": -0.17320567836770628, "w": -0.06677829267222465, "se_t3": -383.7862434839881, "co2": -0.07273023694602865, "u": -0.3676174363895899, "se_t1": 1221.318802593276, "theta": 1.3325123352347532, "v": -0.9932988738179347, "se": 934.1757666323101, "ql": -0.1317408709512765}}, "EntST1_MP4": {"clr_bin": [543.0, 553.0], "cld_bin": [533.0, 543.0], "Dphi": {"se_t2": 96.01659858137191, "qt": -1.153415314454353, "qv": -1.0337632822128828, "w": -0.011527845938375358, "se_t3": -2291.086698823525, "co2": -0.01402450980392178, "u": 0.046489166667417425, "se_t1": 4075.7458651785273, "theta": 4.222662373949504, "v": 0.6601388252724156, "se": 1880.67576493643, "ql": -0.11965203224146802}}, "EntST1_MP7": {"clr_bin": [514.0, 504.0], "cld_bin": [504.0, 514.0], "Dphi": {"se_t2": 0.0, "qt": 0.0, "qv": 0.0, "w": 0.0, "se_t3": 0.0, "co2": 0.0, "u": 0.0, "se_t1": 0.0, "theta": 0.0, "v": 0.0, "se": 0.0, "ql": 0.0}}, "EntST1_6MP": {"clr_bin": [486.0, 476.0], "cld_bin": [476.0, 486.0], "Dphi": {"se_t2": 0.0, "qt": 0.0, "qv": 0.0, "w": 0.0, "se_t3": 0.0, "co2": 0.0, "u": 0.0, "se_t1": 0.0, "theta": 0.0, "v": 0.0, "se": 0.0, "ql": 0.0}}, "EntST1_4MP": {"clr_bin": [551.0, 561.0], "cld_bin": [541.0, 551.0], "Dphi": {"se_t2": 90.73104518333275, "qt": -0.5560089397615826, "qv": -0.40387211404538803, "w": 0.13336628012519555, "se_t3": -895.5547403090786, "co2": -0.06818138693270748, "u": 0.37623785186108893, "se_t1": 4273.328030017612, "theta": 4.4177414170579254, "v": -0.8343742291638874, "se": 3468.5043348919135, "ql": -0.15213682571620196}}, "EntST1_MP3": {"clr_bin": [574.0, 584.0], "cld_bin": [564.0, 574.0], "Dphi": {"se_t2": 88.86721786891576, "qt": -0.620808267376864, "qv": -0.4695812328445754, "w": -0.1028449768328446, "se_t3": -1040.3296751319685, "co2": -0.014827070381231766, "u": -0.7560701384275834, "se_t1": 4712.622022731928, "theta": 4.865306185337261, "v": -0.636644970659213, "se": 3761.1595654690173, "ql": -0.15122703453228797}}, "EntST1_1MP": {"clr_bin": [623.0, 633.0], "cld_bin": [613.0, 623.0], "Dphi": {"se_t2": 99.28324807601257, "qt": -0.3579358225349889, "qv": -0.21312860383141974, "w": -0.1955450275862069, "se_t3": -472.4915291034522, "co2": -0.2574261609195403, "u": 0.9791902038349195, "se_t1": 3665.8293475165847, "theta": 3.821586091953975, "v": -0.0365954064875007, "se": 3292.6210664890823, "ql": -0.14480721870357333}}, "EntST1_MP6": {"clr_bin": [508.0, 498.0], "cld_bin": [498.0, 508.0], "Dphi": {"se_t2": 0.0, "qt": 0.0, "qv": 0.0, "w": 0.0, "se_t3": 0.0, "co2": 0.0, "u": 0.0, "se_t1": 0.0, "theta": 0.0, "v": 0.0, "se": 0.0, "ql": 0.0}}, "EntST1_2MP": {"clr_bin": [600.0, 610.0], "cld_bin": [590.0, 600.0], "Dphi": {"se_t2": 99.81776736923075, "qt": -0.3926681174350435, "qv": -0.18957727708006367, "w": 0.24661921389324956, "se_t3": -420.2527697409714, "co2": -0.07280385007849277, "u": 0.30214274083426806, "se_t1": 3143.8688417837257, "theta": 3.2892470675038794, "v": 0.3383092054785113, "se": 2823.4338394119986, "ql": -0.20309084035498026}}, "EntST1_MP2": {"clr_bin": [610.0, 620.0], "cld_bin": [600.0, 610.0], "Dphi": {"se_t2": 95.42977656853509, "qt": -1.0570059524375424, "qv": -0.6368931727428464, "w": 0.13765145045265478, "se_t3": -1411.1217234891083, "co2": -0.09460421335943248, "u": 0.14833285959857712, "se_t1": 2958.3506017107866, "theta": 3.0980299914363627, "v": 1.3030990388675594, "se": 1642.6586547901388, "ql": -0.42011277969470134}}, "EntST1_3MP": {"clr_bin": [543.0, 553.0], "cld_bin": [533.0, 543.0], "Dphi": {"se_t2": 107.16569756375611, "qt": -0.5391017431371719, "qv": -0.3267141011781014, "w": -0.08562723527373517, "se_t3": -723.7573006514176, "co2": -0.07129050242550261, "u": -1.3476602396112183, "se_t1": 2916.30616326764, "theta": 3.060100155232192, "v": -1.1514676408358975, "se": 2299.7145601798547, "ql": -0.21238764195907045}}}