{"EntST1_2MP": {"clr_bin": [248.0, 238.0], "Dphi": {"theta": 0.0, "se_t3": 0.0, "w": 0.0, "se_t1": 0.0, "u": 0.0, "co2": 0.0, "se": 0.0, "qt": 0.0, "se_t2": 0.0, "qv": 0.0, "v": 0.0, "ql": 0.0}, "cld_bin": [238.0, 248.0]}, "EntST1_MP4": {"clr_bin": [258.0, 268.0], "Dphi": {"theta": 2.4954420268336435, "se_t3": 431.8349084347028, "w": -0.11070242441860467, "se_t1": 2385.3854712987086, "u": -0.6312971410673429, "co2": -0.649632025939177, "se": 2922.325509828923, "qt": -0.012967400085795333, "se_t2": 105.10513009543956, "qv": 0.1947223045617168, "v": 1.2466261425050345, "ql": -0.207689704647512}, "cld_bin": [248.0, 258.0]}, "EntST1_MP6": {"clr_bin": [231.0, 241.0], "Dphi": {"theta": 0.8688366866134629, "se_t3": 315.5542440868776, "w": -0.15894747296099293, "se_t1": 763.1660842557321, "u": -0.46409926052882394, "co2": -0.8521517154255316, "se": 1183.9770401748829, "qt": 0.04618226561369099, "se_t2": 105.25671183218128, "qv": 0.14220927748226941, "v": 0.9227782723109392, "ql": -0.09602701186857719}, "cld_bin": [221.0, 231.0]}, "EntST1_4MP": {"clr_bin": [236.0, 246.0], "Dphi": {"theta": 1.5052946047530327, "se_t3": 346.35853455909455, "w": -0.284613766103815, "se_t1": 1405.1520684253192, "u": -1.3832640258017417, "co2": -2.166618561601001, "se": 1850.1990999006084, "qt": 0.0481172327092203, "se_t2": 98.68849691619698, "qv": 0.1559607879924947, "v": 1.9876532005104828, "ql": -0.10784355528327652}, "cld_bin": [226.0, 236.0]}, "EntST1_MP7": {"clr_bin": [192.0, 202.0], "Dphi": {"theta": 0.5027453749999609, "se_t3": 161.41268416666935, "w": 0.027646875, "se_t1": 408.98380239581456, "u": -0.4012056856092854, "co2": -1.0677754166666662, "se": 664.8019459916395, "qt": 0.02069034906462619, "se_t2": 94.40545942916651, "qv": 0.07272810416666609, "v": 0.4072761793667201, "ql": -0.05203775510204082}, "cld_bin": [182.0, 192.0]}, "EntST1_MP5": {"clr_bin": [218.0, 228.0], "Dphi": {"theta": -0.26956318166980964, "se_t3": 80.24598075092945, "w": 0.3209730489738806, "se_t1": -365.1597993380856, "u": 0.012060967391476107, "co2": -0.5645039762126869, "se": -188.6451372806332, "qt": 0.02239829428590312, "se_t2": 96.26868130648427, "qv": 0.03615784538246203, "v": -0.6034399247720561, "ql": -0.013759551096558022}, "cld_bin": [208.0, 218.0]}, "EntST1_5MP": {"clr_bin": [237.0, 247.0], "Dphi": {"theta": 0.5971031974464722, "se_t3": 136.94081069767344, "w": 0.09041338030095761, "se_t1": 498.8666594030801, "u": -0.3188629613410078, "co2": -0.09113768353853136, "se": 733.8662450980046, "qt": 0.04866920794364127, "se_t2": 98.05877499726375, "qv": 0.06166220793433652, "v": 0.692654257159047, "ql": -0.012992999990693945}, "cld_bin": [227.0, 237.0]}, "EntST1_3MP": {"clr_bin": [297.0, 307.0], "Dphi": {"theta": 1.9240548725490498, "se_t3": 303.62488787114853, "w": 0.2912855532212885, "se_t1": 1821.9463027619058, "u": -1.125018564274549, "co2": -0.28523676470588244, "se": 2221.508260560513, "qt": 0.0307738775224351, "se_t2": 95.93706992745138, "qv": 0.1367393151260483, "v": 2.050618679686692, "ql": -0.10596543760361286}, "cld_bin": [287.0, 297.0]}, "EntST1_1MP": {"clr_bin": [266.0, 276.0], "Dphi": {"theta": 1.380687644548459, "se_t3": 229.63311613323094, "w": 0.08929359120478793, "se_t1": 1280.171520844684, "u": -0.1729121947774314, "co2": 0.2669104137392675, "se": 1607.634130980412, "qt": -0.019192790278642846, "se_t2": 97.82949400255075, "qv": 0.10338392115534845, "v": 0.6467224616599383, "ql": -0.1225767114339881}, "cld_bin": [256.0, 266.0]}, "EntST1_6MP": {"clr_bin": [211.0, 221.0], "Dphi": {"theta": 0.6086203589743491, "se_t3": 122.54299487179742, "w": -0.18170558974358975, "se_t1": 511.9902226922568, "u": -0.31702977736244176, "co2": 1.1843830769230772, "se": 731.5306690204889, "qt": -0.055758456828881364, "se_t2": 96.99745145641032, "qv": 0.05518617948717974, "v": 0.7890749034565196, "ql": -0.1109446363160649}, "cld_bin": [201.0, 211.0]}, "EntST1_MP3": {"clr_bin": [278.0, 288.0], "Dphi": {"theta": 1.8435789617346927, "se_t3": 268.31074278060987, "w": -0.09932699149659863, "se_t1": 1740.1747023209464, "u": -0.7932809131029452, "co2": -0.23309112670068044, "se": 2107.0664275808376, "qt": -0.04049282253054365, "se_t2": 98.58098247916632, "qv": 0.12093412457483055, "v": 1.7538961247772704, "ql": -0.16142694710537275}, "cld_bin": [268.0, 278.0]}, "EntST1_MP2": {"clr_bin": [280.0, 290.0], "Dphi": {"theta": 2.5560907700893267, "se_t3": 237.44152745535757, "w": -0.09250902232142857, "se_t1": 2461.8649350958876, "u": -0.2682714869721347, "co2": 0.3400072544642858, "se": 2786.174377667019, "qt": -0.08831498838374685, "se_t2": 86.86791511562478, "qv": 0.10705485491071443, "v": 1.344392905150352, "ql": -0.19536984329446064}, "cld_bin": [270.0, 280.0]}}